Model,WAPE,Bias,RMSE,MAE,R2
LightGBM,6.2721394038609946,-2.7855443477438104,107410.8039287284,60302.14074862244,0.9816461300295408
XGBoost,6.20731058525138,-2.5279496698916373,105748.99158568066,59678.85795902797,0.9822096625605969
Ridge,9.130734114734445,-5.4372009462418065,130718.67537641352,87785.48725910422,0.9728163986248848
Naive (lag-52),8.271387132595928,0.3255832891221398,148762.0880205994,79523.47977934043,0.9647940354538368
