Model,WAPE,Bias,RMSE,MAE,R2
LightGBM,7.066623395771697,-1.11262277366319,119331.70566467337,67940.53690308845,0.9773460773753933
XGBoost,7.051684620464606,-0.9741806109929254,120416.51840573468,67796.91124792113,0.9769323236734953
Ridge,7.11289529914562,0.3885028409817549,116757.76304828975,68385.40820621085,0.9783128118176977
Naive (lag-52),8.271387132595928,0.3255832891221398,148762.0880205994,79523.47977934043,0.9647940354538368
